<?xml version="1.0" encoding="utf-8"?>
<extension version="3.1" type="plugin" group="system" method="upgrade">
  <name>PLG_PERFECTGRIDGA</name>
  <description>PLG_PERFECTGRIDGA_XML_DESCRIPTION</description>
  <author>Perfectgrid.io</author>
  <copyright>(C) 2020 Perfectgrid.io, All Rights Reserved.</copyright>
  <creationDate>6/2020</creationDate>
  <license>GNU General Public License version 2 or later</license>
  <authorEmail>support@perfectgrid.io</authorEmail>
  <authorUrl>https://perfectgrid.io</authorUrl>
  <version>1.0.2</version>
  <files>
    <filename plugin="perfectgridga">perfectgridga.php</filename>
  </files>
  <languages folder="language">
    <language tag="en-GB">en-GB/en-GB.plg_system_perfectgridga.ini</language>
    <language tag="en-GB">en-GB/en-GB.plg_system_perfectgridga.sys.ini</language>
  </languages>
  <config>
    <fields name="params">
      <fieldset name="basic">
        <field
            name="site-code-ga"
            type="text"
            default="XX-XXXXXXXXX-X"
            label="PLG_PERFECTGRIDGA_FIELD__GA_CODE_LABEL"
            description="PLG_PERFECTGRIDGA_FIELD__GA_CODE_DESC"
        />
        <field
            name="module-position"
            type="text"
            default="debug"
            label="PLG_PERFECTGRIDGA_FIELD_POSITION_LABEL"
            description="PLG_PERFECTGRIDGA_FIELD_POSITION_DESC"
        />
        <field
            name="anonymized-ip"
            type="radio"
            label="PLG_PERFECTGRIDGA_FIELD_ANONYMIZED_IP_LABEL"
            description="PLG_PERFECTGRIDGA_FIELD_ANONYMIZED_IP_DESC"
            default="1"
            filter="integer"
            class="btn-group btn-group-yesno"
        >
          <option value="0">JNO</option>
          <option value="1">JYES</option>
        </field>
        <field
            name="color-depth"
            type="radio"
            label="PLG_PERFECTGRIDGA_FIELD_COLOR_DEPTH_LABEL"
            description="PLG_PERFECTGRIDGA_FIELD_COLOR_DEPTH_DESC"
            default="1"
            filter="integer"
            class="btn-group btn-group-yesno"
        >
          <option value="0">JNO</option>
          <option value="1">JYES</option>
        </field>
        <field
            name="character-set"
            type="radio"
            label="PLG_PERFECTGRIDGA_FIELD_CHARACTER_SET_LABEL"
            description="PLG_PERFECTGRIDGA_FIELD_CHARACTER_SET_DESC"
            default="1"
            filter="integer"
            class="btn-group btn-group-yesno"
        >
          <option value="0">JNO</option>
          <option value="1">JYES</option>
        </field>
        <field
            name="screen-size"
            type="radio"
            label="PLG_PERFECTGRIDGA_FIELD_SCREEN_SIZE_LABEL"
            description="PLG_PERFECTGRIDGA_FIELD_SCREEN_SIZE_DESC"
            default="1"
            filter="integer"
            class="btn-group btn-group-yesno"
        >
          <option value="0">JNO</option>
          <option value="1">JYES</option>
        </field>
        <field
            name="language"
            type="radio"
            label="PLG_PERFECTGRIDGA_FIELD_LANGUAGE_LABEL"
            description="PLG_PERFECTGRIDGA_FIELD_LANGUAGE_DESC"
            default="1"
            class="btn-group btn-group-yesno"
        >
          <option value="0">JNO</option>
          <option value="1">JYES</option>
        </field>
        <field
          name="onevent"
          type="radio"
          default="0"
          label="PLG_PERFECTGRIDGA_FIELD_ONEVENT_LABEL"
          description="PLG_PERFECTGRIDGA_FIELD_ONEVENT_DESC"
          class="btn-group btn-group-yesno"
        >
          <option value="0">JNO</option>
          <option value="1">JYES</option>
        </field>
        <field
          name="eventname"
          type="text"
          label="PLG_PERFECTGRIDGA_FIELD_ONEVENTNAME_LABEL"
          description="PLG_PERFECTGRIDGA_FIELD_ONEVENTNAME_DESC"
          showon="onevent:1"
        />
      </fieldset>
    </fields>
  </config>
  <updateservers>
    <server type="extension" priority="1" name="PerfectGrid GA plugin">https://ttc-freebies.github.io/lightweight-ga/update_plg.xml</server>
  </updateservers>
</extension>
